Workbook

Sheet Dashboard
A1: Total Orders | B1: Late Delivery Rate | C1: At Risk SKUs (Reorder Now)
A2: =COUNTA(Raw_Data!A2:A201) -> 200 | B2: =COUNTIF(Raw_Data!N2:N201, "Late")/COUNTA(Raw_Data!N2:N201) -> 0.18 | C2: =COUNTIF(Raw_Data!O2:O201, "Reorder Now") -> 29
A20: Key Insights
A21: Standard suppliers have a lower late-delivery rate (13%) than Preferred suppliers (23%). The "Preferred" label may not reflect actual performance.
A22: Electronics and Apparel account for ~66% of reorder-risk SKUs — inventory attention should focus there.
A23: 18% of all orders (36/200) were delivered late.

Sheet Instructions
A1: How to use this workbook
A3: This is raw supply chain order data — 200 rows, 14 columns.
A4: It intentionally has NO formulas or pivot tables yet — you'll build those yourself, step by step.
A6: Columns explained:
A7: - QuantityOrdered: units ordered in that transaction
A8: - UnitCost: what you pay the supplier per unit
A9: - UnitPrice: what you sell it for
A10: - LeadTimeDays: days between order and delivery
A11: - StockOnHand: current inventory level for that SKU at time of order
A12: - ReorderPoint: inventory level that should trigger a reorder
A13: - DeliveryStatus: whether the supplier delivered on-time or late
A15: We'll work through this sheet in stages: basic formulas, pivot tables, XLOOKUP,
A16: conditional formatting, and finally a dashboard tying it all together.

Sheet Pivot table1
A1: StockStatus | B1: Reorder Now
A3: Count of StockStatus | B3: Column Labels
A4: Row Labels | B4: WH-Islamabad | C4: WH-Karachi | D4: WH-Lahore | E4: Grand Total
A5: Apparel | B5: 2 | C5: 3 | D5: 3 | E5: 8
A6: Electronics | B6: 4 | C6: 4 | D6: 3 | E6: 11
A7: Furniture | B7: 1 | C7: 2 | D7: 2 | E7: 5
A8: Home Goods | B8: 1 | E8: 1
A9: Sports | C9: 3 | D9: 1 | E9: 4
A10: Grand Total | B10: 8 | C10: 12 | D10: 9 | E10: 29

Sheet Supplier_Info
A1: Supplier | B1: ReliabilityScore | C1: AvgLeadTimeDays | D1: PreferredStatus
A2: Alpha Traders | B2: 92 | C2: 6 | D2: Preferred
A3: Beta Supply Co | B3: 78 | C3: 11 | D3: Standard
A4: Gamma Logistics | B4: 65 | C4: 15 | D4: Standard
A5: Delta Sourcing | B5: 88 | C5: 8 | D5: Preferred

Sheet Pivot table2
A3: Count of DeliveryStatus | B3: Column Labels
A4: Row Labels | B4: Late | C4: On-Time | D4: Grand Total
A5: Preferred | B5: 22 | C5: 72 | D5: 94
A6: Standard | B6: 14 | C6: 92 | D6: 106
A7: Grand Total | B7: 36 | C7: 164 | D7: 200

Sheet Raw_Data
A1: OrderID | B1: OrderDate | C1: SKU | D1: ProductCategory | E1: Warehouse | F1: Region | G1: Supplier | H1: QuantityOrdered | I1: UnitCost | J1: UnitPrice | K1: LeadTimeDays | L1: StockOnHand | M1: ReorderPoint | N1: DeliveryStatus | O1: StockStatus | P1: ReliabilityScore | Q1: PreferredStatus
A2: 1 | B2: 2025-07-14 | C2: SKU-1007 | D2: Furniture | E2: WH-Islamabad | F2: North | G2: Beta Supply Co | H2: 45 | I2: 191.66 | J2: 323.24 | K2: 9 | L2: 443 | M2: 45 | N2: On-Time | O2: =IF(L2<M2, "Reorder Now", "Ok") -> Ok | P2: =VLOOKUP(G2, Supplier_Info!$A$1:$D$5, 2, FALSE) -> 78 | Q2: =VLOOKUP(G2, Supplier_Info!$A$1:$D$5, 4, FALSE) -> Standard
A3: 2 | B3: 2025-05-06 | C3: SKU-1011 | D3: Electronics | E3: WH-Lahore | F3: North | G3: Beta Supply Co | H3: 141 | I3: 170.26 | J3: 251.58 | K3: 4 | L3: 311 | M3: 63 | N3: On-Time | O3: =IF(L3<M3, "Reorder Now", "Ok") -> Ok | P3: =VLOOKUP(G3, Supplier_Info!$A$1:$D$5, 2, FALSE) -> 78 | Q3: =VLOOKUP(G3, Supplier_Info!$A$1:$D$5, 4, FALSE) -> Standard
A4: 3 | B4: 2025-06-11 | C4: SKU-1021 | D4: Furniture | E4: WH-Karachi | F4: South | G4: Gamma Logistics | H4: 33 | I4: 173.03 | J4: 252.99 | K4: 9 | L4: 420 | M4: 28 | N4: On-Time | O4: =IF(L4<M4, "Reorder Now", "Ok") -> Ok | P4: =VLOOKUP(G4, Supplier_Info!$A$1:$D$5, 2, FALSE) -> 65 | Q4: =VLOOKUP(G4, Supplier_Info!$A$1:$D$5, 4, FALSE) -> Standard
A5: 4 | B5: 2025-03-13 | C5: SKU-1006 | D5: Electronics | E5: WH-Islamabad | F5: Central | G5: Gamma Logistics | H5: 207 | I5: 35.32 | J5: 57.49 | K5: 16 | L5: 73 | M5: 87 | N5: On-Time | O5: =IF(L5<M5, "Reorder Now", "Ok") -> Reorder Now | P5: =VLOOKUP(G5, Supplier_Info!$A$1:$D$5, 2, FALSE) -> 65 | Q5: =VLOOKUP(G5, Supplier_Info!$A$1:$D$5, 4, FALSE) -> Standard
A6: 5 | B6: 2025-09-18 | C6: SKU-1023 | D6: Apparel | E6: WH-Karachi | F6: South | G6: Beta Supply Co | H6: 209 | I6: 142.39 | J6: 226.73 | K6: 13 | L6: 112 | M6: 55 | N6: On-Time | O6: =IF(L6<M6, "Reorder Now", "Ok") -> Ok | P6: =VLOOKUP(G6, Supplier_Info!$A$1:$D$5, 2, FALSE) -> 78 | Q6: =VLOOKUP(G6, Supplier_Info!$A$1:$D$5, 4, FALSE) -> Standard
A7: 6 | B7: 2025-07-15 | C7: SKU-1020 | D7: Apparel | E7: WH-Lahore | F7: Central | G7: Gamma Logistics | H7: 221 | I7: 125.61 | J7: 173.34 | K7: 21 | L7: 32 | M7: 118 | N7: On-Time | O7: =IF(L7<M7, "Reorder Now", "Ok") -> Reorder Now | P7: =VLOOKUP(G7, Supplier_Info!$A$1:$D$5, 2, FALSE) -> 65 | Q7: =VLOOKUP(G7, Supplier_Info!$A$1:$D$5, 4, FALSE) -> Standard
A8: 7 | B8: 2025-06-24 | C8: SKU-1017 | D8: Furniture | E8: WH-Lahore | F8: South | G8: Delta Sourcing | H8: 10 | I8: 78.81 | J8: 136.37 | K8: 5 | L8: 349 | M8: 88 | N8: On-Time | O8: =IF(L8<M8, "Reorder Now", "Ok") -> Ok | P8: =VLOOKUP(G8, Supplier_Info!$A$1:$D$5, 2, FALSE) -> 88 | Q8: =VLOOKUP(G8, Supplier_Info!$A$1:$D$5, 4, FALSE) -> Preferred
A9: 8 | B9: 2025-09-17 | C9: SKU-1000 | D9: Electronics | E9: WH-Islamabad | F9: North | G9: Beta Supply Co | H9: 139 | I9: 119.91 | J9: 213.07 | K9: 18 | L9: 390 | M9: 65 | N9: Late | O9: =IF(L9<M9, "Reorder Now", "Ok") -> Ok | P9: =VLOOKUP(G9, Supplier_Info!$A$1:$D$5, 2, FALSE) -> 78 | Q9: =VLOOKUP(G9, Supplier_Info!$A$1:$D$5, 4, FALSE) -> Standard
A10: 9 | B10: 2025-06-15 | C10: SKU-1004 | D10: Apparel | E10: WH-Karachi | F10: North | G10: Gamma Logistics | H10: 87 | I10: 141.14 | J10: 209.87 | K10: 19 | L10: 488 | M10: 20 | N10: On-Time | O10: =IF(L10<M10, "Reorder Now", "Ok") -> Ok | P10: =VLOOKUP(G10, Supplier_Info!$A$1:$D$5, 2, FALSE) -> 65 | Q10: =VLOOKUP(G10, Supplier_Info!$A$1:$D$5, 4, FALSE) -> Standard
A11: 10 | B11: 2025-02-05 | C11: SKU-1007 | D11: Furniture | E11: WH-Islamabad | F11: South | G11: Beta Supply Co | H11: 295 | I11: 191.66 | J11: 254.71 | K11: 4 | L11: 43 | M11: 144 | N11: Late | O11: =IF(L11<M11, "Reorder Now", "Ok") -> Reorder Now | P11: =VLOOKUP(G11, Supplier_Info!$A$1:$D$5, 2, FALSE) -> 78 | Q11: =VLOOKUP(G11, Supplier_Info!$A$1:$D$5, 4, FALSE) -> Standard
A12: 11 | B12: 2025-04-19 | C12: SKU-1021 | D12: Furniture | E12: WH-Islamabad | F12: Central | G12: Beta Supply Co | H12: 286 | I12: 173.03 | J12: 266.06 | K12: 7 | L12: 135 | M12: 128 | N12: Late | O12: =IF(L12<M12, "Reorder Now", "Ok") -> Ok | P12: =VLOOKUP(G12, Supplier_Info!$A$1:$D$5, 2, FALSE) -> 78 | Q12: =VLOOKUP(G12, Supplier_Info!$A$1:$D$5, 4, FALSE) -> Standard
A13: 12 | B13: 2025-03-03 | C13: SKU-1022 | D13: Sports | E13: WH-Karachi | F13: North | G13: Alpha Traders | H13: 196 | I13: 117.58 | J13: 171.18 | K13: 16 | L13: 460 | M13: 135 | N13: On-Time | O13: =IF(L13<M13, "Reorder Now", "Ok") -> Ok | P13: =VLOOKUP(G13, Supplier_Info!$A$1:$D$5, 2, FALSE) -> 92 | Q13: =VLOOKUP(G13, Supplier_Info!$A$1:$D$5, 4, FALSE) -> Preferred
... A201: 200 | B201: 2025-08-07 | C201: SKU-1009 | D201: Furniture | E201: WH-Karachi | F201: North | G201: Alpha Traders | H201: 103 | I201: 23.09 | J201: 36.57 | K201: 7 | L201: 312 | M201: 123 | N201: On-Time | O201: =IF(L201<M201, "Reorder Now", "Ok") -> Ok | P201: =VLOOKUP(G201, Supplier_Info!$A$1:$D$5, 2, FALSE) -> 92 | Q201: =VLOOKUP(G201, Supplier_Info!$A$1:$D$5, 4, FALSE) -> Preferred
A204: total units ordered | O204: =COUNTIF(O2:O201, "Reorder Now") -> 29
A205: =SUM(H2:H201) -> 31724
A206: average lead time
A207: =AVERAGE(K2:K201) -> 11.575
A208: how many orders were late
A209: =COUNTIF(N2:N201, "Late") -> 36
